{"msi_auc": {"MSS": [0.8775510204081632, 0.8374905517762661, 0.7863031071655041, 0.8478664192949907, 0.7698161065313887, 0.7691819911223843, 0.8791044776119403, 0.9417910447761194, 0.8738404452690167, 0.8110336081166772, 0.8518518518518519, 0.8432835820895522, 0.8492537313432835, 0.9, 0.8775510204081631, 0.9316326530612246, 0.7891156462585034, 0.9081632653061225, 0.8959183673469389, 0.8645640074211502], "MSI-L": [0.8775510204081632, 0.8374905517762661, 0.7863031071655041, 0.8478664192949907, 0.7698161065313887, 0.7691819911223843, 0.8791044776119403, 0.9417910447761194, 0.8738404452690167, 0.8110336081166772, 0.8518518518518519, 0.8432835820895522, 0.8492537313432835, 0.9, 0.8775510204081631, 0.9316326530612246, 0.7891156462585034, 0.9081632653061225, 0.8959183673469389, 0.8645640074211502], "MSI-H": [0.8775510204081631, 0.8374905517762661, 0.7863031071655041, 0.8478664192949907, 0.7698161065313887, 0.7691819911223843, 0.8791044776119403, 0.9417910447761194, 0.8738404452690167, 0.8110336081166771, 0.8518518518518519, 0.8432835820895522, 0.8492537313432837, 0.9, 0.8775510204081634, 0.9316326530612244, 0.7891156462585034, 0.9081632653061225, 0.8959183673469387, 0.8645640074211502]}, "confusion_matrix": [[8.614285714285714, 1.6714285714285715], [0.9142857142857143, 1.3142857142857143]], "slide_acc_lt": [0.7976190476190477, 0.6547619047619048, 0.7254901960784313, 0.8681318681318682, 0.803921568627451, 0.7941176470588235, 0.8961038961038961, 0.935064935064935, 0.7032967032967034, 0.8235294117647058, 0.8095238095238095, 0.8441558441558441, 0.8441558441558441, 0.8333333333333334, 0.8351648351648352, 0.9047619047619048, 0.2976190476190476, 0.8928571428571429, 0.8333333333333334, 0.8021978021978022]}