{"msi_auc": {"MSS": [0.8765306122448979, 0.6899175649968294, 0.8677248677248677, 0.7463538363982245, 0.7731343283582089, 0.882089552238806, 0.7815570672713529, 0.8462686567164179, 0.6366518706404565, 0.7922077922077922, 0.9183673469387755, 0.9081632653061226, 0.7309145880574451, 0.8948979591836735, 0.8276643990929706, 0.8218923933209646, 0.7393320964749537, 0.6778693722257451, 0.7773654916512058, 0.7761194029850746], "MSI-L": [0.8765306122448979, 0.6899175649968294, 0.8677248677248677, 0.7463538363982245, 0.7731343283582089, 0.882089552238806, 0.7815570672713529, 0.8462686567164179, 0.6366518706404565, 0.7922077922077922, 0.9183673469387755, 0.9081632653061226, 0.7309145880574451, 0.8948979591836735, 0.8276643990929706, 0.8218923933209646, 0.7393320964749537, 0.6778693722257451, 0.7773654916512058, 0.7761194029850746], "MSI-H": [0.8765306122448979, 0.6899175649968294, 0.8677248677248677, 0.7463538363982244, 0.7731343283582089, 0.882089552238806, 0.781557067271353, 0.8462686567164179, 0.6366518706404565, 0.7922077922077922, 0.9183673469387755, 0.9081632653061225, 0.7309145880574452, 0.8948979591836735, 0.8276643990929705, 0.8218923933209648, 0.7393320964749536, 0.6778693722257451, 0.7773654916512059, 0.7761194029850746]}, "confusion_matrix": [[8.471428571428572, 1.8142857142857143], [0.9357142857142857, 1.292857142857143]], "slide_acc_lt": [0.8571428571428571, 0.803921568627451, 0.7857142857142857, 0.8137254901960784, 0.9090909090909091, 0.9090909090909091, 0.7142857142857143, 0.8441558441558441, 0.7745098039215687, 0.6813186813186813, 0.6428571428571429, 0.8690476190476191, 0.75, 0.8571428571428571, 0.7976190476190477, 0.5934065934065934, 0.7912087912087912, 0.8333333333333334, 0.6593406593406593, 0.7532467532467533]}